id,type
23487929637,IssueCommentEvent
23487929676,PushEvent
23487929674,PushEvent
23487929661,PushEvent
23487929682,PushEvent
23487929673,PushEvent
23487929588,PushEvent
23487929636,CreateEvent
23487929580,IssuesEvent
23487929591,PushEvent
23487929533,PushEvent
23487929573,PushEvent
23487929349,PushEvent
23487929578,PushEvent
23487929597,IssueCommentEvent
23487929522,ReleaseEvent
23487929560,PushEvent
23487929536,PushEvent
23487929501,DeleteEvent
23487929523,PushEvent
23487929494,PushEvent
23487929532,PushEvent
23487929508,CreateEvent
23487929447,PushEvent
23487929496,DeleteEvent
23487929420,PushEvent
23487929439,PushEvent
23487929452,PushEvent
23487929428,IssuesEvent
23487929425,IssueCommentEvent
